ObjectID,GlobalID,Informed Consent,start_time,end_time,What gender do you identify as?,Which category below includes your age?,How long does a football match take?,Which team won the last FIFA World Cup?,"From the image above, what is the lineup of the teams?",What is the formation of the red team?,"When the blue team has possession of the ball, how would you describe the positioning of the defenders from the red team?",What was the role of player #2 in the red team?,"Ideally, a defender should be positioned between the goal and the attacker. Based on your observations, the player #2 from the red team is:",What is the formation of the red team?,When does a team cover a larger area of the pitch?,In what situations do a team's players get close to each other?,What is the formation of the red team?,When does a team cover a larger area of the pitch?,What is the formation of the red team?,"When the blue team has possession of the ball, how would you describe the positioning of the defenders from the red team?",What was the role of player #2 in the red team?,"Ideally, a defender should be positioned between the goal and the attacker. Based on your observations, the player #2 from the red team is:",What is the formation of the red team?,When does a team cover a larger area of the pitch?,In what situations do a team's players get close to each other?,What is the formation of the red team?,When does a team cover a larger area of the pitch?,CreationDate,Creator,EditDate,Editor,x,y
1,a9852286-fe68-4dc4-8b38-5ce75b10f8d9,Yes,7/28/2023 9:17:17 AM,7/28/2023 9:23:00 AM,Male,36-40,g1_a,g2_b,g3_a,b,c,a,a,c,b,b,a,a,b,a,a,a,d,c,c,d,c,7/28/2023 9:23:01 AM,,7/28/2023 9:23:01 AM,,0,0
2,773ff80f-1d0c-41a8-88f8-87ca7fedcd83,Yes,7/28/2023 9:22:42 AM,7/28/2023 9:38:40 AM,Female,18-20,g1_a,g2_b,g3_c,b,a,a,a,c,b,a,a,a,b,c,a,a,c,b,a,a,a,7/28/2023 9:38:41 AM,,7/28/2023 9:38:41 AM,,0,0
3,6887c72b-af62-4e7c-819f-56ba0f1e1e0a,Yes,7/28/2023 9:33:59 AM,7/28/2023 9:39:26 AM,Male,26-30,g1_a,g2_b,g3_a,b,a,a,a,c,b,b,a,a,b,a,a,a,c,b,b,a,a,7/28/2023 9:39:27 AM,,7/28/2023 9:39:27 AM,,0,0
4,786b1e44-fba2-471b-8353-2181ef0b06af,Yes,7/28/2023 9:30:41 AM,7/28/2023 9:39:58 AM,Male,21-25,g1_a,g2_b,g3_a,b,a,a,a,c,b,a,a,a,b,a,a,a,c,a,a,a,a,7/28/2023 9:39:59 AM,,7/28/2023 9:39:59 AM,,0,0
5,00c39acf-57ba-4e9e-8f8c-924881e99e2f,Yes,7/28/2023 9:18:52 AM,7/28/2023 9:42:36 AM,Male,18-20,g1_a,g2_a,g3_a,b,a,a,a,c,b,a,a,a,b,a,a,a,c,b,b,a,a,7/28/2023 9:42:36 AM,,7/28/2023 9:42:36 AM,,0,0
6,b80fe36c-a0c8-4802-8214-66d9c29f438c,Yes,7/28/2023 9:46:35 AM,7/28/2023 9:56:13 AM,Female,21-25,g1_a,g2_b,g3_a,b,d,a,d,c,b,a,a,a,b,b,a,d,c,b,a,d,a,7/28/2023 9:56:14 AM,,7/28/2023 9:56:14 AM,,0,0
7,9b38d517-35e3-4d8c-867c-8031b611ac6b,Yes,7/28/2023 9:55:24 AM,7/28/2023 10:02:07 AM,Female,21-25,g1_a,g2_b,g3_c,d,c,a,a,d,b,a,d,a,d,c,a,a,d,b,a,d,a,7/28/2023 10:02:07 AM,,7/28/2023 10:02:07 AM,,0,0
8,ed9ea22f-0910-47e2-82e6-a0ac4eef51ea,Yes,7/28/2023 10:25:33 AM,7/28/2023 11:05:52 AM,Female,31-35,g1_c,g2_c,g3_c,b,a,a,a,c,b,a,a,a,b,c,a,a,c,b,b,b,a,7/28/2023 11:05:52 AM,,7/28/2023 11:05:52 AM,,0,0
9,c8d7b079-fc18-43a1-8a2d-28dd2e28f710,Yes,7/28/2023 11:10:23 AM,7/28/2023 11:14:55 AM,Male,21-25,g1_a,g2_b,g3_a,b,a,a,a,c,b,a,a,a,b,c,a,a,c,b,a,a,a,7/28/2023 11:14:57 AM,,7/28/2023 11:14:57 AM,,0,0
10,ea554ade-f148-477d-8bbe-786e3c1312ee,Yes,7/28/2023 12:26:50 PM,7/28/2023 12:46:41 PM,Female,21-25,g1_a,g2_b,g3_a,a,a,a,a,d,b,a,c,a,c,a,a,a,c,b,a,a,a,7/28/2023 12:46:42 PM,,7/28/2023 12:46:42 PM,,0,0
11,65e5211e-2990-4946-8593-c53334d22791,Yes,7/28/2023 12:54:11 PM,7/28/2023 12:55:53 PM,Male,21-25,g1_a,g2_a,g3_c,d,d,b,d,c,a,b,a,b,d,d,d,d,d,c,c,d,c,7/28/2023 12:55:54 PM,,7/28/2023 12:55:54 PM,,0,0
12,7c241b9d-abcb-4ded-84fd-b001c962e4de,Yes,7/28/2023 12:55:50 PM,7/28/2023 12:57:43 PM,Female,18-20,g1_b,g2_b,g3_c,a,d,d,d,d,c,c,d,b,d,d,d,d,d,c,c,d,c,7/28/2023 12:57:44 PM,,7/28/2023 12:57:44 PM,,0,0
13,8d4f6f39-6431-4809-8b23-db84017f3c9c,Yes,7/28/2023 12:55:55 PM,7/28/2023 1:06:21 PM,Male,26-30,g1_a,g2_b,g3_a,b,d,a,a,c,b,a,a,a,b,c,a,a,c,b,a,a,a,7/28/2023 1:06:22 PM,,7/28/2023 1:06:22 PM,,0,0
14,9b9266f2-6005-4478-8e6d-0d75e317d2f8,Yes,7/28/2023 1:12:57 PM,7/28/2023 1:18:54 PM,Female,18-20,g1_a,g2_b,g3_a,b,c,a,b,c,b,b,a,a,b,a,c,b,c,a,a,c,b,7/28/2023 1:18:55 PM,,7/28/2023 1:18:55 PM,,0,0
15,e4ab5bd0-7591-474b-879a-a2c2a62eb6bc,Yes,7/28/2023 2:01:56 PM,7/28/2023 2:12:04 PM,Female,26-30,g1_a,g2_b,g3_a,a,a,a,a,c,b,b,a,a,b,c,a,b,a,b,b,c,a,7/28/2023 2:12:05 PM,,7/28/2023 2:12:05 PM,,0,0
16,9ec07c54-4192-4ed9-8c33-49376041347e,Yes,7/28/2023 3:15:51 PM,7/28/2023 3:26:58 PM,Female,21-25,g1_a,g2_b,g3_c,a,a,a,a,b,b,a,c,a,c,a,a,a,b,b,a,c,a,7/28/2023 3:26:59 PM,,7/28/2023 3:26:59 PM,,0,0
17,3a9d7e14-96dc-462b-8161-fb7747b39df5,Yes,7/28/2023 3:10:14 PM,7/28/2023 3:49:21 PM,Male,26-30,g1_a,g2_a,g3_c,d,d,b,c,d,b,a,d,a,d,d,b,d,d,b,a,d,a,7/28/2023 3:49:22 PM,,7/28/2023 3:49:22 PM,,0,0
18,19711193-ce93-4522-8909-8e23bb141167,Yes,7/28/2023 4:06:56 PM,7/28/2023 4:16:49 PM,Male,18-20,g1_a,g2_b,g3_a,b,a,a,a,c,b,a,a,a,b,a,a,a,c,b,a,a,a,7/28/2023 4:16:50 PM,,7/28/2023 4:16:50 PM,,0,0
19,19812a23-1a58-4f9a-8f50-d5b986129d1d,Yes,7/28/2023 4:21:27 PM,7/28/2023 4:26:18 PM,Male,21-25,g1_a,g2_b,g3_a,b,c,a,a,c,b,a,a,a,b,a,d,d,c,b,b,a,a,7/28/2023 4:26:17 PM,,7/28/2023 4:26:17 PM,,0,0
20,1316b8c1-b11d-414d-879c-098be820547d,Yes,7/28/2023 6:57:47 PM,7/28/2023 7:19:41 PM,Male,21-25,g1_a,g2_b,g3_a,b,c,a,a,c,b,c,a,a,b,c,a,a,c,b,b,a,a,7/28/2023 7:19:44 PM,,7/28/2023 7:19:44 PM,,0,0
21,d4e6eb6d-ef1e-432e-81b5-b126c74d6853,Yes,7/28/2023 7:09:09 PM,7/28/2023 8:05:16 PM,Male,21-25,g1_a,g2_b,g3_a,b,d,a,a,c,c,a,a,a,b,c,a,a,c,b,b,a,a,7/28/2023 8:05:17 PM,,7/28/2023 8:05:17 PM,,0,0
22,e43dbe5b-482d-4271-814a-2f83afdbc8f4,Yes,7/28/2023 9:17:56 PM,7/28/2023 9:30:37 PM,Female,21-25,g1_a,g2_b,g3_c,d,a,a,a,d,b,a,d,a,d,a,a,a,d,b,a,d,a,7/28/2023 9:30:39 PM,,7/28/2023 9:30:39 PM,,0,0
23,b7dcc2e8-0638-44c8-8326-93858f1553f4,Yes,7/29/2023 4:54:29 AM,7/29/2023 5:05:27 AM,Female,21-25,g1_a,g2_b,g3_a,b,a,a,a,c,b,b,a,a,d,a,d,a,c,c,a,a,a,7/29/2023 5:05:29 AM,,7/29/2023 5:05:29 AM,,0,0
24,f5d270a6-d842-4f54-8c81-fe9330a1da2d,Yes,7/29/2023 5:24:09 AM,7/29/2023 5:32:10 AM,Male,21-25,g1_a,g2_a,g3_a,b,c,a,a,c,b,a,a,a,b,a,a,a,c,b,a,a,a,7/29/2023 5:32:11 AM,,7/29/2023 5:32:11 AM,,0,0
25,ac18061b-6bb4-4cba-89e2-d9ce7a78024f,Yes,7/29/2023 9:44:36 AM,7/29/2023 9:54:47 AM,Male,31-35,g1_a,g2_b,g3_a,b,a,a,a,c,b,a,a,a,b,a,a,a,c,b,a,a,a,7/29/2023 9:54:49 AM,,7/29/2023 9:54:49 AM,,0,0
26,219bf7c0-8692-4fe9-8c81-1e570d85fc0f,Yes,7/29/2023 10:04:01 AM,7/29/2023 10:10:24 AM,Male,21-25,g1_a,g2_b,g3_a,b,a,a,a,c,b,a,a,a,b,c,a,a,c,b,a,a,a,7/29/2023 10:10:25 AM,,7/29/2023 10:10:25 AM,,0,0
27,bc5c46f9-4dca-40e7-811a-c681fcac3c00,Yes,7/29/2023 12:01:31 PM,7/29/2023 12:08:55 PM,Female,26-30,g1_a,g2_a,g3_a,b,a,a,a,c,b,a,a,b,b,a,a,a,c,b,b,a,a,7/29/2023 12:08:58 PM,,7/29/2023 12:08:58 PM,,0,0
28,16bd8e91-99b1-4fd9-8e44-ec4297adc940,Yes,7/29/2023 12:12:18 PM,7/29/2023 12:21:31 PM,Male,26-30,g1_a,g2_a,g3_a,b,a,a,a,c,b,a,d,a,b,a,a,a,c,b,a,a,a,7/29/2023 12:21:33 PM,,7/29/2023 12:21:33 PM,,0,0
29,f1065795-8db7-4975-8d79-46bca17585b5,Yes,7/29/2023 12:10:08 PM,7/29/2023 12:28:42 PM,Male,26-30,g1_a,g2_b,g3_a,b,a,a,a,c,b,a,a,a,b,a,a,a,c,b,a,a,a,7/29/2023 12:28:44 PM,,7/29/2023 12:28:44 PM,,0,0
30,47c14586-7522-4cd7-85c8-caf792419cff,Yes,7/29/2023 3:52:33 PM,7/29/2023 3:54:50 PM,Male,21-25,g1_a,g2_b,g3_a,b,b,a,a,c,a,a,a,a,a,a,a,a,a,a,a,a,a,7/29/2023 3:54:52 PM,,7/29/2023 3:54:52 PM,,0,0
31,4af0c471-1114-45c9-8e90-e9402ac9b9f3,Yes,7/29/2023 5:56:11 PM,7/29/2023 5:57:57 PM,Female,18-20,g1_a,g2_b,g3_b,d,c,c,c,c,b,b,c,a,a,a,b,d,b,c,c,a,c,7/29/2023 5:57:58 PM,,7/29/2023 5:57:58 PM,,0,0
32,da8c10bb-dd0b-48c6-8535-2de6ec790432,Yes,7/29/2023 9:10:59 PM,7/29/2023 9:26:10 PM,Male,18-20,g1_a,g2_b,g3_a,b,a,a,a,c,a,a,a,b,b,a,a,a,c,a,a,a,b,7/29/2023 9:26:11 PM,,7/29/2023 9:26:11 PM,,0,0
33,08d98d96-4eba-45b6-8330-660af0bc17fa,Yes,7/30/2023 6:04:41 AM,7/30/2023 6:17:30 AM,Male,31-35,g1_a,g2_b,g3_a,d,c,a,a,c,c,a,a,c,b,c,a,a,c,b,a,a,a,7/30/2023 6:17:33 AM,,7/30/2023 6:17:33 AM,,0,0
34,071f6f20-9d49-42af-8bda-ff9436a41726,Yes,7/30/2023 6:18:15 AM,7/30/2023 6:26:48 AM,Female,26-30,g1_a,g2_b,g3_a,d,a,a,a,c,b,b,a,a,b,a,a,a,c,b,b,a,a,7/30/2023 6:26:50 AM,,7/30/2023 6:26:50 AM,,0,0
35,b623f375-c2c8-4bee-8c72-0bf1b9a781ee,Yes,7/30/2023 9:02:31 AM,7/30/2023 9:14:28 AM,Male,26-30,g1_a,g2_c,g3_c,b,a,a,a,c,b,a,a,a,b,a,a,a,b,b,a,a,a,7/30/2023 9:14:29 AM,,7/30/2023 9:14:29 AM,,0,0
36,18a5ade1-ec5e-40ab-8c8e-d010338d7846,Yes,7/30/2023 8:09:58 AM,7/30/2023 1:40:03 PM,Male,26-30,g1_a,g2_b,g3_a,b,a,a,a,c,b,a,a,a,b,a,a,a,c,b,a,a,a,7/30/2023 1:40:05 PM,,7/30/2023 1:40:05 PM,,0,0
37,2f37d420-28ef-46ee-8a93-bf9af470ee2c,Yes,7/30/2023 1:58:09 PM,7/30/2023 2:11:00 PM,Female,26-30,g1_a,g2_b,g3_a,b,a,a,a,c,b,a,a,a,b,a,a,a,c,b,a,a,a,7/30/2023 2:11:02 PM,,7/30/2023 2:11:02 PM,,0,0
38,7ec667d2-dee9-412e-8fd2-b15fbc515ada,Yes,7/30/2023 2:54:58 PM,7/30/2023 3:07:49 PM,Female,21-25,g1_a,g2_b,g3_a,b,d,a,a,c,b,a,b,a,c,b,a,b,a,b,a,b,a,7/30/2023 3:07:50 PM,,7/30/2023 3:07:50 PM,,0,0
39,5cc99ad1-187d-41e6-84a6-d2ca076504f5,Yes,7/30/2023 5:50:37 PM,7/30/2023 6:06:46 PM,Female,31-35,g1_a,g2_b,g3_a,b,c,a,a,c,b,a,a,a,a,c,a,a,c,b,a,a,a,7/30/2023 6:06:47 PM,,7/30/2023 6:06:47 PM,,0,0
40,713f1c5a-e37e-405c-8010-517372e16777,Yes,7/31/2023 10:35:54 AM,7/31/2023 10:46:46 AM,Female,21-25,g1_a,g2_b,g3_a,d,a,a,a,d,b,a,d,a,d,c,a,a,d,b,c,d,b,7/31/2023 10:46:47 AM,,7/31/2023 10:46:47 AM,,0,0
41,ed154092-ac5b-4b8e-8f5a-265c3df167fd,Yes,7/31/2023 10:39:36 AM,7/31/2023 10:55:17 AM,Female,26-30,g1_a,g2_b,g3_c,b,a,a,a,c,b,a,a,a,b,a,a,a,c,b,a,a,a,7/31/2023 10:55:18 AM,,7/31/2023 10:55:18 AM,,0,0
42,adba9359-ac12-4602-82f7-f0e6f4198255,Yes,7/31/2023 11:17:29 AM,7/31/2023 11:26:02 AM,Female,31-35,g1_a,g2_c,g3_a,a,a,a,a,d,c,c,b,a,a,a,a,a,a,b,a,d,a,7/31/2023 11:26:03 AM,,7/31/2023 11:26:03 AM,,0,0
43,7bb80f87-1d1c-4f75-863a-2ed5b6febc5b,Yes,7/31/2023 11:39:50 AM,7/31/2023 11:42:34 AM,Male,26-30,g1_a,g2_b,g3_a,b,a,a,a,c,b,a,a,a,b,a,a,a,c,b,a,a,a,7/31/2023 11:42:35 AM,,7/31/2023 11:42:35 AM,,0,0
44,1aad0c64-65a6-4e42-8ffb-31d1eaaaeef4,Yes,7/31/2023 7:59:24 PM,7/31/2023 8:13:36 PM,Male,26-30,g1_a,g2_b,g3_a,b,a,a,a,c,b,a,a,a,b,c,a,a,c,b,a,a,a,7/31/2023 8:13:38 PM,,7/31/2023 8:13:38 PM,,0,0
45,fac361d6-a1ba-47c5-8412-3c8584f393be,Yes,8/1/2023 4:56:59 AM,8/1/2023 5:07:54 AM,Male,26-30,g1_a,g2_b,g3_a,b,d,a,c,c,b,a,a,a,b,a,a,c,c,b,a,a,a,8/1/2023 5:07:55 AM,,8/1/2023 5:07:55 AM,,0,0
46,65d8ea3b-5b75-457f-85c8-b8cbfbb982d4,Yes,8/1/2023 8:18:41 AM,8/1/2023 8:34:56 AM,Male,26-30,g1_a,g2_b,g3_a,b,c,a,a,c,b,a,a,a,b,c,a,a,c,b,a,a,a,8/1/2023 8:34:55 AM,,8/1/2023 8:34:55 AM,,0,0
47,f2c89507-c333-4a3f-82d7-27068eb245fe,Yes,8/1/2023 10:26:01 AM,8/1/2023 10:43:29 AM,Male,26-30,g1_a,g2_b,g3_a,b,a,a,a,c,b,a,a,b,b,a,a,a,c,a,b,a,a,8/1/2023 10:43:31 AM,,8/1/2023 10:43:31 AM,,0,0
48,2af282df-78dd-4178-8edc-16e3aa6b897e,Yes,8/1/2023 11:56:21 AM,8/1/2023 12:20:46 PM,Male,26-30,g1_a,g2_b,g3_a,a,c,a,a,c,a,a,c,a,a,a,c,a,c,b,a,a,a,8/1/2023 12:20:47 PM,,8/1/2023 12:20:47 PM,,0,0
49,0e8b319a-91eb-4e88-88b5-01cf08df37c3,Yes,8/2/2023 9:45:42 AM,8/2/2023 9:57:13 AM,Male,21-25,g1_a,g2_b,g3_c,a,a,a,a,d,a,a,a,a,d,a,a,a,c,b,a,a,a,8/2/2023 9:57:13 AM,,8/2/2023 9:57:13 AM,,0,0
50,b63f6f69-58c8-43bb-8ffd-e486b8fa3275,Yes,8/2/2023 3:12:37 PM,8/2/2023 3:21:15 PM,Female,21-25,g1_a,g2_b,g3_a,b,a,a,a,c,b,a,a,a,b,c,a,a,c,b,a,a,a,8/2/2023 3:21:16 PM,,8/2/2023 3:21:16 PM,,0,0
51,dbf997ea-3586-419b-89ae-908ff36c4cde,Yes,8/2/2023 3:54:31 PM,8/2/2023 4:13:29 PM,Male,31-35,g1_a,g2_b,g3_a,b,a,a,a,c,b,a,a,a,b,c,a,a,c,b,a,a,a,8/2/2023 4:13:30 PM,,8/2/2023 4:13:30 PM,,0,0
52,18b6cbce-5af5-4248-87c9-74ab0361bc9c,Yes,8/2/2023 4:16:01 PM,8/2/2023 4:22:25 PM,Female,21-25,g1_a,g2_b,g3_c,a,a,b,a,d,c,c,d,a,a,a,b,a,c,b,a,c,a,8/2/2023 4:22:26 PM,,8/2/2023 4:22:26 PM,,0,0
53,006886b6-b8b1-42af-8c65-d92ffd542c77,Yes,8/2/2023 4:37:43 PM,8/2/2023 4:48:59 PM,Female,21-25,g1_a,g2_c,g3_c,a,a,b,a,c,b,a,a,a,a,a,b,a,d,b,a,b,a,8/2/2023 4:48:56 PM,,8/2/2023 4:48:56 PM,,0,0
54,b28c3e86-0747-4843-8c5d-2d33587570e6,Yes,8/2/2023 5:51:21 PM,8/2/2023 6:08:57 PM,Male,21-25,g1_a,g2_b,g3_a,b,c,a,a,c,b,a,a,a,b,c,a,a,c,b,a,a,a,8/2/2023 6:08:57 PM,,8/2/2023 6:08:57 PM,,0,0
55,7ec0f936-2621-4bed-8e9d-f9eca171fc53,Yes,8/2/2023 6:28:04 PM,8/2/2023 6:37:56 PM,Female,31-35,g1_a,g2_b,g3_a,a,b,b,a,c,a,a,c,a,c,c,c,a,c,b,b,c,a,8/2/2023 6:37:59 PM,,8/2/2023 6:37:59 PM,,0,0
56,a882eb39-70f1-4fae-8937-a222fa53a487,Yes,8/2/2023 6:36:36 PM,8/2/2023 6:42:52 PM,Male,26-30,g1_a,g2_b,g3_c,d,a,c,d,d,a,a,d,c,d,a,c,d,d,a,a,a,b,8/2/2023 6:42:53 PM,,8/2/2023 6:42:53 PM,,0,0
57,fe7cfe48-5622-4128-81fa-c7738bb0d998,Yes,8/2/2023 6:50:32 PM,8/2/2023 7:05:20 PM,Male,26-30,g1_a,g2_b,g3_a,b,c,a,a,c,b,a,a,a,b,c,a,a,c,b,a,a,a,8/2/2023 7:05:21 PM,,8/2/2023 7:05:21 PM,,0,0
58,370d1467-c2d3-4b63-8815-eddb89a4a6a6,Yes,8/2/2023 7:15:12 PM,8/2/2023 7:20:48 PM,Male,21-25,g1_a,g2_b,g3_a,b,a,a,a,c,b,a,c,a,b,c,a,a,c,b,a,c,a,8/2/2023 7:20:47 PM,,8/2/2023 7:20:47 PM,,0,0
59,a602c786-4e3c-48ba-8228-28f4f354b45e,Yes,8/2/2023 9:57:53 PM,8/2/2023 10:05:53 PM,Male,26-30,g1_a,g2_c,g3_c,b,d,a,a,c,b,a,c,c,d,c,a,d,c,a,a,a,a,8/2/2023 10:05:59 PM,,8/2/2023 10:05:59 PM,,0,0
60,c4c6983f-e366-428a-8df7-f14e2e59ed85,Yes,8/3/2023 4:17:35 AM,8/3/2023 4:27:01 AM,Female,26-30,g1_a,g2_b,g3_a,b,b,a,d,c,b,a,c,a,c,a,a,d,c,b,a,a,a,8/3/2023 4:27:03 AM,,8/3/2023 4:27:03 AM,,0,0
61,8be05847-e872-4c75-8018-e63892af2a49,Yes,8/3/2023 7:10:03 AM,8/3/2023 7:16:39 AM,Female,26-30,g1_a,g2_b,g3_a,b,a,a,b,c,b,a,a,b,b,a,a,a,c,a,a,a,a,8/3/2023 7:16:41 AM,,8/3/2023 7:16:41 AM,,0,0
62,5e04abf0-4660-469e-8e78-0f0cb3b438d7,Yes,8/3/2023 9:05:57 AM,8/3/2023 9:12:38 AM,Male,26-30,g1_a,g2_b,g3_a,b,a,a,a,c,b,a,a,a,b,c,a,a,c,b,a,a,a,8/3/2023 9:12:39 AM,,8/3/2023 9:12:39 AM,,0,0
63,f7719710-711b-4728-8c73-3274de314026,Yes,8/3/2023 9:52:28 AM,8/3/2023 10:04:56 AM,Male,21-25,g1_a,g2_b,g3_a,b,a,a,a,c,a,b,a,a,b,a,a,a,c,b,a,a,a,8/3/2023 10:04:58 AM,,8/3/2023 10:04:58 AM,,0,0
64,72e4157c-b266-4cdd-89ad-66d55088a134,Yes,8/3/2023 10:17:54 AM,8/3/2023 10:30:53 AM,Male,26-30,g1_a,g2_b,g3_a,b,a,a,a,c,b,a,a,a,b,a,a,a,c,b,a,a,a,8/3/2023 10:30:55 AM,,8/3/2023 10:30:55 AM,,0,0
65,2f19f80c-09de-48bb-85a1-056d273d8428,Yes,8/3/2023 1:49:37 PM,8/3/2023 2:03:21 PM,Female,26-30,g1_a,g2_b,g3_c,a,a,a,a,d,b,b,c,a,d,a,a,d,c,b,b,a,a,8/3/2023 2:03:22 PM,,8/3/2023 2:03:22 PM,,0,0
66,d969317d-2a8c-42ac-8062-565791014b5d,Yes,8/3/2023 2:02:46 PM,8/3/2023 2:11:14 PM,Female,36-40,g1_a,g2_b,g3_a,b,c,a,a,c,c,a,a,a,b,a,a,a,c,b,a,a,a,8/3/2023 2:11:15 PM,,8/3/2023 2:11:15 PM,,0,0
67,3286d359-358a-4f97-8713-d52b32a063f3,Yes,8/3/2023 2:14:09 PM,8/3/2023 2:25:20 PM,Male,26-30,g1_a,g2_b,g3_a,b,a,a,a,c,b,a,a,a,b,a,a,a,c,b,a,a,a,8/3/2023 2:25:21 PM,,8/3/2023 2:25:21 PM,,0,0
68,03dbcc96-98c0-4c5b-8932-33e8b830abfd,Yes,8/3/2023 2:25:40 PM,8/3/2023 2:33:46 PM,Female,26-30,g1_a,g2_b,g3_a,b,a,a,a,c,b,a,a,a,b,a,a,a,d,b,a,a,a,8/3/2023 2:33:49 PM,,8/3/2023 2:33:49 PM,,0,0
69,9e0a7d38-780e-481c-8dfc-f2ade46d10cc,Yes,8/3/2023 3:42:33 PM,8/3/2023 3:58:46 PM,Male,26-30,g1_a,g2_b,g3_a,a,a,a,a,c,b,b,a,b,b,a,a,a,c,a,a,a,a,8/3/2023 3:58:47 PM,,8/3/2023 3:58:47 PM,,0,0
70,07da211e-15cc-4f1d-8a6d-c662f7db3b12,Yes,8/3/2023 3:39:45 PM,8/3/2023 3:59:24 PM,Female,21-25,g1_a,g2_b,g3_a,a,a,a,a,c,b,a,a,a,b,a,a,a,c,b,a,c,b,8/3/2023 3:59:25 PM,,8/3/2023 3:59:25 PM,,0,0
71,22c25f80-c35d-4216-8d6b-6219bef0e921,Yes,8/3/2023 9:26:26 PM,8/3/2023 9:52:21 PM,Female,26-30,g1_a,g2_c,g3_c,b,c,a,a,c,b,a,d,a,b,c,a,a,c,b,a,a,a,8/3/2023 9:52:23 PM,,8/3/2023 9:52:23 PM,,0,0
72,4c3be7ae-fade-4f37-86fa-5c3634b29aae,Yes,8/4/2023 6:04:21 AM,8/4/2023 6:12:17 AM,Male,26-30,g1_a,g2_a,g3_a,b,a,a,a,c,b,a,a,a,b,a,a,a,c,b,a,a,a,8/4/2023 6:12:18 AM,,8/4/2023 6:12:18 AM,,0,0
73,2abbef7f-06f2-4d16-8c22-50eb9fc695b2,Yes,8/4/2023 6:19:05 AM,8/4/2023 6:26:01 AM,Male,21-25,g1_a,g2_b,g3_a,b,a,a,a,c,b,a,a,a,b,a,a,a,c,b,a,a,a,8/4/2023 6:26:03 AM,,8/4/2023 6:26:03 AM,,0,0
74,72295979-6fda-4f52-8520-6611bc2b098d,Yes,8/4/2023 11:11:11 AM,8/4/2023 11:18:28 AM,not_say,46-50,g1_a,g2_b,g3_a,b,c,a,a,c,b,a,a,a,b,c,a,a,c,b,a,a,a,8/4/2023 11:17:51 AM,,8/4/2023 11:17:51 AM,,0,0
75,ca397b6b-ffdd-4189-8f34-436b439fe7b1,Yes,8/4/2023 1:25:54 PM,8/4/2023 1:38:25 PM,Female,26-30,g1_a,g2_b,g3_c,b,a,a,a,c,b,a,a,a,b,a,c,a,c,b,a,a,a,8/4/2023 1:38:26 PM,,8/4/2023 1:38:26 PM,,0,0
76,895999f3-78b9-4372-8553-3209443de593,Yes,8/4/2023 1:39:06 PM,8/4/2023 1:51:59 PM,Male,21-25,g1_a,g2_b,g3_a,b,b,a,a,c,b,a,a,a,b,a,a,a,c,b,a,a,a,8/4/2023 1:52:00 PM,,8/4/2023 1:52:00 PM,,0,0
77,203cc70c-fe7f-4506-8026-ad9ce1c4a61f,Yes,8/5/2023 4:52:51 PM,8/5/2023 4:58:31 PM,Male,31-35,g1_a,g2_b,g3_a,d,a,a,a,c,b,b,a,a,b,a,a,a,c,b,a,a,a,8/5/2023 4:58:33 PM,,8/5/2023 4:58:33 PM,,0,0
78,f3911e1c-5950-410c-87e8-b1facdfa3786,Yes,8/5/2023 9:20:47 PM,8/6/2023 8:53:52 AM,Female,21-25,g1_a,g2_b,g3_a,b,a,a,a,c,b,b,a,a,b,a,a,a,c,b,b,a,a,8/6/2023 8:53:55 AM,,8/6/2023 8:53:55 AM,,0,0
79,9f5d4d5f-f66d-4df5-87ce-ee699be16bd4,Yes,8/6/2023 10:39:54 AM,8/6/2023 10:45:17 AM,Female,26-30,g1_a,g2_b,g3_a,b,c,a,a,c,b,a,a,a,a,c,a,a,d,a,b,c,a,8/6/2023 10:45:19 AM,,8/6/2023 10:45:19 AM,,0,0
80,afd0dc73-3348-4e41-8fa7-30c6823a149d,Yes,8/6/2023 10:41:04 AM,8/6/2023 10:48:46 AM,Female,26-30,g1_a,g2_b,g3_a,b,c,a,a,c,b,a,a,a,b,a,a,a,c,b,a,a,b,8/6/2023 10:48:47 AM,,8/6/2023 10:48:47 AM,,0,0
81,08091760-7e0c-4baa-87c1-0ea26ea02b83,Yes,8/6/2023 12:23:57 PM,8/6/2023 12:47:25 PM,Female,26-30,g1_a,g2_b,g3_a,a,a,a,a,c,b,a,a,a,b,a,a,a,c,b,a,a,a,8/6/2023 12:47:26 PM,,8/6/2023 12:47:26 PM,,0,0
82,fccbaaea-ad80-413a-8817-1012e14d0e29,Yes,8/6/2023 10:24:12 PM,8/6/2023 10:39:48 PM,Male,21-25,g1_a,g2_b,g3_a,a,c,a,a,c,b,a,a,a,b,a,a,a,c,b,a,a,a,8/6/2023 10:39:50 PM,,8/6/2023 10:39:50 PM,,0,0
83,af4da1a0-6c1d-4f21-8b74-0e0cefa4760d,Yes,8/6/2023 11:53:03 PM,8/6/2023 11:58:58 PM,Non-binary,60_or_older,g1_c,g2_c,g3_a,b,a,a,a,c,b,a,a,a,b,a,a,a,c,b,a,a,a,8/6/2023 11:58:59 PM,,8/6/2023 11:58:59 PM,,0,0
84,52933eab-3d9b-49c8-8e98-ea1165fbddc8,Yes,8/7/2023 8:04:16 AM,8/7/2023 12:52:32 PM,Male,31-35,g1_a,g2_b,g3_a,b,c,a,a,c,b,a,a,a,b,c,a,a,c,b,a,a,a,8/7/2023 12:52:08 PM,,8/7/2023 12:52:08 PM,,0,0
85,855c0f94-cb78-482c-8c8e-c6e033728f0b,Yes,8/7/2023 11:41:07 AM,8/7/2023 1:07:15 PM,Female,21-25,g1_a,g2_c,g3_a,b,a,a,a,c,b,a,a,a,b,a,a,a,c,b,a,a,a,8/7/2023 1:07:16 PM,,8/7/2023 1:07:16 PM,,0,0
86,258e4c74-4f52-4467-8e45-94a9f7d8930d,Yes,8/7/2023 4:49:13 PM,8/7/2023 5:00:20 PM,Male,26-30,g1_a,g2_b,g3_c,d,c,a,a,c,b,a,c,a,c,a,a,a,c,b,a,a,a,8/7/2023 5:00:21 PM,,8/7/2023 5:00:21 PM,,0,0
87,f27c7717-bd96-4a0c-843c-2ba17e24a723,Yes,8/8/2023 11:02:28 AM,8/8/2023 11:10:14 AM,Male,26-30,g1_a,g2_c,g3_a,b,c,a,a,d,b,a,a,a,b,c,a,a,c,b,a,a,a,8/8/2023 11:10:14 AM,,8/8/2023 11:10:14 AM,,0,0
88,b84fc243-8b5b-4485-849f-69a76c6befe2,Yes,8/8/2023 11:26:09 AM,8/8/2023 11:31:14 AM,Female,26-30,g1_a,g2_c,g3_a,a,a,a,a,d,b,a,b,a,a,a,a,a,c,b,a,a,a,8/8/2023 11:31:15 AM,,8/8/2023 11:31:15 AM,,0,0
89,0ee946ea-27f3-4bb2-8827-407a534a6cf9,Yes,8/8/2023 1:30:56 PM,8/8/2023 1:39:38 PM,Male,21-25,g1_a,g2_a,g3_c,b,a,a,a,c,b,a,a,a,b,c,a,a,c,b,a,a,a,8/8/2023 1:39:39 PM,,8/8/2023 1:39:39 PM,,0,0
90,4fb99246-52e8-487d-8b39-4f8ca2cf0a56,Yes,8/8/2023 2:02:52 PM,8/8/2023 2:12:28 PM,Female,26-30,g1_a,g2_b,g3_c,b,c,a,a,c,a,a,a,a,b,a,a,a,c,b,a,a,a,8/8/2023 2:12:29 PM,,8/8/2023 2:12:29 PM,,0,0
91,e39d6c94-e510-4111-813a-1d3f1bbcc807,Yes,8/9/2023 8:50:17 AM,8/9/2023 8:54:55 AM,Female,26-30,g1_a,g2_b,g3_a,a,c,a,a,c,b,a,a,b,b,c,a,a,c,a,a,a,b,8/9/2023 8:54:56 AM,,8/9/2023 8:54:56 AM,,0,0
92,23229279-11b8-4fad-82dc-b73c87cade17,Yes,8/10/2023 7:27:13 AM,8/10/2023 7:31:54 AM,not_say,36-40,g1_a,g2_b,g3_a,b,c,a,a,c,b,a,a,a,b,c,a,a,c,b,a,a,a,8/10/2023 7:31:53 AM,,8/10/2023 7:31:53 AM,,0,0
93,5458ff93-585a-4fde-8ef3-fc25ac8b51d4,Yes,8/10/2023 7:26:00 AM,8/10/2023 7:33:59 AM,Male,31-35,g1_a,g2_b,g3_a,b,c,a,a,c,b,a,a,a,b,c,a,a,c,b,a,a,a,8/10/2023 7:34:00 AM,,8/10/2023 7:34:00 AM,,0,0
94,ecb022e2-a77a-440e-8868-40e7678fd5f1,Yes,8/10/2023 8:13:34 AM,8/10/2023 8:20:35 AM,Male,31-35,g1_a,g2_b,g3_a,b,c,a,a,c,b,a,a,a,b,c,a,a,c,b,a,a,a,8/10/2023 8:20:36 AM,,8/10/2023 8:20:36 AM,,0,0
95,9888d04a-267e-4e2f-850d-cb0e66f1eaaf,Yes,8/10/2023 12:55:25 PM,8/10/2023 1:06:31 PM,Male,60_or_older,g1_a,g2_b,g3_a,c,b,a,a,c,b,a,a,a,c,b,a,a,c,a,a,c,a,8/10/2023 1:06:32 PM,,8/10/2023 1:06:32 PM,,0,0
96,d733ead5-e169-4eff-834b-2c0572e571f4,Yes,8/10/2023 9:16:00 PM,8/10/2023 9:28:05 PM,Female,26-30,g1_a,g2_c,g3_a,b,a,a,a,c,a,b,a,a,b,a,a,a,c,b,a,a,a,8/10/2023 9:28:07 PM,,8/10/2023 9:28:07 PM,,0,0
97,6ed2965a-2a55-4e8b-8e2e-a270591b48b3,Yes,8/11/2023 1:20:17 PM,8/11/2023 1:28:25 PM,Male,26-30,g1_a,g2_b,g3_a,b,b,a,a,c,b,a,a,a,a,a,a,d,c,b,a,a,a,8/11/2023 1:28:26 PM,,8/11/2023 1:28:26 PM,,0,0
98,fe53d78c-76de-4f71-886a-e2c10a658129,Yes,8/11/2023 1:17:39 PM,8/11/2023 1:32:51 PM,Female,31-35,g1_a,g2_b,g3_c,a,c,a,a,c,b,a,b,a,b,c,a,a,c,b,a,b,a,8/11/2023 1:32:53 PM,,8/11/2023 1:32:53 PM,,0,0
99,cfe5835c-3837-4a42-8b2a-5cd3b39d7bda,Yes,8/11/2023 7:28:38 PM,8/11/2023 7:43:36 PM,Female,26-30,g1_a,g2_c,g3_c,b,a,a,a,c,b,b,a,a,b,a,a,a,c,b,a,a,a,8/11/2023 7:43:37 PM,,8/11/2023 7:43:37 PM,,0,0
100,d133eaee-f308-488d-835f-f2a2079d070f,Yes,8/12/2023 11:05:48 AM,8/12/2023 11:18:57 AM,Female,26-30,g1_a,g2_b,g3_a,a,c,a,a,c,b,a,a,a,b,a,a,a,c,b,a,a,a,8/12/2023 11:18:58 AM,,8/12/2023 11:18:58 AM,,0,0
101,c1e91cfc-144e-49ec-836b-44d36ddaeee0,Yes,8/14/2023 3:54:43 PM,8/14/2023 4:02:50 PM,Non-binary,26-30,g1_a,g2_b,g3_c,d,b,a,a,c,b,a,c,a,d,a,a,a,c,b,a,d,a,8/14/2023 4:02:53 PM,,8/14/2023 4:02:53 PM,,0,0
102,df6d71d8-36ff-4c2c-8c79-d9a9c02173b7,Yes,8/14/2023 4:00:27 PM,8/14/2023 4:07:13 PM,Female,21-25,g1_a,g2_b,g3_a,b,c,a,a,c,b,a,a,b,b,c,a,a,c,b,a,a,a,8/14/2023 4:07:14 PM,,8/14/2023 4:07:14 PM,,0,0
103,45b76cfd-40be-48b0-8f60-c9b4dc5a0087,Yes,8/14/2023 3:54:10 PM,8/14/2023 4:15:01 PM,Male,26-30,g1_a,g2_b,g3_b,b,b,a,a,c,b,c,a,a,b,a,a,a,c,b,a,a,a,8/14/2023 4:15:02 PM,,8/14/2023 4:15:02 PM,,0,0
104,5e570aec-8ff9-44dd-89b1-b34a590e7d2f,Yes,8/14/2023 9:08:40 PM,8/14/2023 9:27:39 PM,Male,26-30,g1_a,g2_b,g3_a,b,a,a,a,c,b,a,a,a,b,a,a,a,c,b,a,a,a,8/14/2023 9:27:40 PM,,8/14/2023 9:27:40 PM,,0,0
105,a0fa3791-5a32-4aeb-80fe-feb68c00a1ab,Yes,8/21/2023 7:36:52 PM,8/21/2023 7:48:08 PM,Female,26-30,g1_a,g2_b,g3_a,b,a,a,a,c,b,a,a,a,b,a,a,a,c,b,a,a,a,8/21/2023 7:48:10 PM,,8/21/2023 7:48:10 PM,,0,0
106,6f1c96ea-5ab7-4a6d-81f6-24a88db9a96d,Yes,8/3/2023 8:53:53 PM,8/23/2023 1:06:25 PM,Male,21-25,g1_a,g2_b,g3_c,b,a,a,a,c,b,a,a,a,b,a,a,a,c,b,a,a,a,8/23/2023 1:06:26 PM,,8/23/2023 1:06:26 PM,,0,0
107,a982c2e2-c292-45f7-86b8-8cbb6bf28d3f,Yes,8/24/2023 9:59:56 AM,8/24/2023 10:25:33 AM,Female,26-30,g1_a,g2_b,g3_a,b,a,a,a,c,b,a,a,a,b,a,a,a,c,b,a,a,a,8/24/2023 10:25:36 AM,,8/24/2023 10:25:36 AM,,0,0
108,df89a5cb-d637-4425-815d-50cd076adfbc,Yes,8/28/2023 4:33:55 PM,8/28/2023 4:43:57 PM,Male,26-30,g1_a,g2_b,g3_a,b,c,a,a,d,b,a,a,c,d,c,a,a,c,b,a,a,a,8/28/2023 4:43:58 PM,,8/28/2023 4:43:58 PM,,0,0
109,1d287aad-f179-40c2-8b6a-7d4c8abbf39a,Yes,9/1/2023 8:13:25 AM,9/1/2023 8:26:41 AM,Female,31-35,g1_a,g2_b,g3_c,c,c,a,a,c,c,a,a,b,b,a,a,a,c,a,a,c,a,9/1/2023 8:26:42 AM,,9/1/2023 8:26:42 AM,,0,0
